{"branch_id":"102c4efd-d175-4d4a-a1dc-2e8bf9998607","name":"Untitled","created":"2023-11-13T14:05:09.755Z","settings":{"physics":{"gravity":[0,-9.8,0]},"render":{"lightmapFilterRange":10,"fog_end":1000,"lightmapFilterEnabled":false,"ambientBake":false,"tonemapping":0,"lightingAreaLightsEnabled":false,"lightingShadowType":0,"ambientBakeOcclusionContrast":0,"skybox":null,"lightingCookieAtlasResolution":2048,"fog_density":0.01,"lightmapFilterSmoothness":0.2,"gamma_correction":1,"exposure":1,"lightingShadowsEnabled":true,"fog_start":1,"skyboxIntensity":1,"global_ambient":[0.2,0.2,0.2],"ambientBakeNumSamples":1,"fog_color":[0,0,0],"lightingCells":[10,3,10],"lightmapMode":1,"lightingCookiesEnabled":false,"clusteredLightingEnabled":true,"ambientBakeSpherePart":0.4,"fog":"none","ambientBakeOcclusionBrightness":0,"lightmapMaxResolution":2048,"lightingMaxLightsPerCell":255,"lightingShadowAtlasResolution":2048,"skyboxMip":0,"lightmapSizeMultiplier":16,"skyboxRotation":[0,0,0]}},"entities":{"a7edd40a-822d-11ee-b6ab-baf4d5e490e2":{"position":[0,0,0],"scale":[1,1,1],"name":"Root","parent":null,"resource_id":"a7edd40a-822d-11ee-b6ab-baf4d5e490e2","components":{},"rotation":[0,0,0],"tags":[],"enabled":true,"children":["b0658729-c093-4b2e-98d4-72e797f26826","dc5fe55a-2d54-49d7-9742-3f401cde9b04","c1b7df40-584f-4ee7-9dbb-17f4a9a7c6c1","6cf10317-cebb-48d9-8d8f-6c86ea294312","9402e2f0-5056-4d0b-8967-0082dc5830eb","fa4cd418-bfeb-4b06-9c2e-87799afd5ab9","06ac5a83-60d2-4784-8385-ed55e6eaf1d0","6290e6fd-2e8d-40e0-928f-326384bdb1a2","21d3afbd-cd11-498a-b713-e7af9ed8c286","4d3a0ba6-5e48-4b0a-a9de-dd333145c6ba","f088e244-0272-41f5-96ff-7830d7d94939","1d34bd0a-d91c-4e7d-919f-75b620fcf9c3"]},"b0658729-c093-4b2e-98d4-72e797f26826":{"name":"Light","tags":[],"enabled":true,"resource_id":"b0658729-c093-4b2e-98d4-72e797f26826","parent":"a7edd40a-822d-11ee-b6ab-baf4d5e490e2","children":[],"position":[2,38.96516418457031,-2],"rotation":[0,135,0],"scale":[1,1,1],"components":{"light":{"enabled":true,"type":"directional","bake":false,"bakeArea":0,"bakeNumSamples":1,"bakeDir":false,"affectDynamic":true,"affectLightmapped":false,"color":[1,1,1],"intensity":1.5,"castShadows":false,"shadowUpdateMode":2,"shadowType":0,"vsmBlurMode":1,"vsmBlurSize":11,"vsmBias":0.01,"shadowDistance":16,"shadowIntensity":1,"shadowResolution":1024,"numCascades":1,"cascadeDistribution":0.5,"shadowBias":0.04,"normalOffsetBias":0.04,"range":100,"falloffMode":0,"innerConeAngle":40,"outerConeAngle":45,"shape":0,"cookieAsset":null,"cookieIntensity":1,"cookieFalloff":true,"cookieChannel":"rgb","cookieAngle":0,"cookieScale":[1,1],"cookieOffset":[0,0],"isStatic":true,"layers":[0]},"script":{"enabled":true,"order":[],"scripts":{}}}},"dc5fe55a-2d54-49d7-9742-3f401cde9b04":{"name":"stage","tags":[],"enabled":true,"resource_id":"dc5fe55a-2d54-49d7-9742-3f401cde9b04","parent":"a7edd40a-822d-11ee-b6ab-baf4d5e490e2","children":["06f9cd01-50db-4204-abe2-84377a30e3c8","7e29daea-2695-45f6-81bc-801d18824713","801674df-f8a7-4a03-b715-588314c185ea","3fb15af7-1a00-483e-bbcd-e0b057d33663","d587b275-fe98-4d2c-8bff-8459ed52001f","374a98c4-76ea-42c1-88d1-d5d1958282fb","ce4eb16d-7692-497e-aade-83bf548cbd1c"],"position":[0,0,0],"rotation":[0,0,0],"scale":[1,1,1],"components":{}},"06f9cd01-50db-4204-abe2-84377a30e3c8":{"name":"ground","tags":[],"enabled":true,"resource_id":"06f9cd01-50db-4204-abe2-84377a30e3c8","parent":"dc5fe55a-2d54-49d7-9742-3f401cde9b04","children":[],"position":[0,0,0],"rotation":[0,0,0],"scale":[100,0.2,100],"components":{"model":{"enabled":true,"type":"cylinder","asset":null,"materialAsset":157032417,"castShadows":true,"castShadowsLightmap":true,"receiveShadows":true,"lightmapped":false,"lightmapSizeMultiplier":1,"castShadowsLightMap":false,"lightMapped":false,"lightMapSizeMultiplier":1,"isStatic":false,"layers":[0],"batchGroupId":null},"collision":{"enabled":true,"type":"cylinder","halfExtents":[50,0.01,50],"radius":50,"axis":1,"height":0.2,"asset":null,"renderAsset":null,"linearOffset":[0,0,0],"angularOffset":[0,0,0]},"rigidbody":{"enabled":true,"type":"static","mass":1,"linearDamping":0,"angularDamping":0,"linearFactor":[1,1,1],"angularFactor":[1,1,1],"friction":0.5,"restitution":0.5}}},"7e29daea-2695-45f6-81bc-801d18824713":{"name":"wall","tags":[],"enabled":true,"resource_id":"7e29daea-2695-45f6-81bc-801d18824713","parent":"dc5fe55a-2d54-49d7-9742-3f401cde9b04","children":["478956ae-43c0-43a7-9a63-7c27193919d4"],"position":[0,-0.5914535522460938,-17.23349380493164],"rotation":[0,0,0],"scale":[20,5,1],"components":{"model":{"enabled":true,"type":"box","asset":null,"materialAsset":null,"castShadows":true,"castShadowsLightmap":true,"receiveShadows":true,"lightmapped":false,"lightmapSizeMultiplier":1,"castShadowsLightMap":true,"lightMapped":false,"lightMapSizeMultiplier":1,"isStatic":false,"layers":[0],"batchGroupId":null},"collision":{"enabled":true,"type":"box","halfExtents":[10,2.5,0.5],"radius":0.5,"axis":1,"height":2,"asset":null,"renderAsset":null,"linearOffset":[0,0,0],"angularOffset":[0,0,0]},"rigidbody":{"enabled":true,"type":"static","mass":1,"linearDamping":0,"angularDamping":0,"linearFactor":[1,1,1],"angularFactor":[1,1,1],"friction":0.5,"restitution":0.5}}},"478956ae-43c0-43a7-9a63-7c27193919d4":{"name":"wall","tags":[],"enabled":true,"resource_id":"478956ae-43c0-43a7-9a63-7c27193919d4","parent":"7e29daea-2695-45f6-81bc-801d18824713","children":[],"position":[0,16,0],"rotation":[0,0,0],"scale":[1,1,1],"components":{"model":{"enabled":true,"type":"box","asset":null,"materialAsset":157032423,"castShadows":false,"castShadowsLightmap":false,"receiveShadows":false,"lightmapped":false,"lightmapSizeMultiplier":1,"castShadowsLightMap":true,"lightMapped":false,"lightMapSizeMultiplier":1,"isStatic":false,"layers":[0],"batchGroupId":null}}},"801674df-f8a7-4a03-b715-588314c185ea":{"name":"wall","tags":[],"enabled":true,"resource_id":"801674df-f8a7-4a03-b715-588314c185ea","parent":"dc5fe55a-2d54-49d7-9742-3f401cde9b04","children":["9fd03a35-0d1e-40c1-8e89-d622cb435f01"],"position":[-23.272058486938477,-0.5914535522460938,-0.3897876739501953],"rotation":[0,50.78525161743164,0],"scale":[20,5,1],"components":{"model":{"enabled":true,"type":"box","asset":null,"materialAsset":null,"castShadows":true,"castShadowsLightmap":true,"receiveShadows":true,"lightmapped":false,"lightmapSizeMultiplier":1,"castShadowsLightMap":true,"lightMapped":false,"lightMapSizeMultiplier":1,"isStatic":false,"layers":[0],"batchGroupId":null},"collision":{"enabled":true,"type":"box","halfExtents":[10,2.5,0.5],"radius":0.5,"axis":1,"height":2,"asset":null,"renderAsset":null,"linearOffset":[0,0,0],"angularOffset":[0,0,0]},"rigidbody":{"enabled":true,"type":"static","mass":1,"linearDamping":0,"angularDamping":0,"linearFactor":[1,1,1],"angularFactor":[1,1,1],"friction":0.5,"restitution":0.5}}},"9fd03a35-0d1e-40c1-8e89-d622cb435f01":{"name":"wall","tags":[],"enabled":true,"resource_id":"9fd03a35-0d1e-40c1-8e89-d622cb435f01","parent":"801674df-f8a7-4a03-b715-588314c185ea","children":[],"position":[0,16,0],"rotation":[0,0,0],"scale":[1,1,1],"components":{"model":{"enabled":true,"type":"box","asset":null,"materialAsset":157032423,"castShadows":false,"castShadowsLightmap":false,"receiveShadows":false,"lightmapped":false,"lightmapSizeMultiplier":1,"castShadowsLightMap":true,"lightMapped":false,"lightMapSizeMultiplier":1,"isStatic":false,"layers":[0],"batchGroupId":null}}},"3fb15af7-1a00-483e-bbcd-e0b057d33663":{"name":"wall","tags":[],"enabled":true,"resource_id":"3fb15af7-1a00-483e-bbcd-e0b057d33663","parent":"dc5fe55a-2d54-49d7-9742-3f401cde9b04","children":["dd049a36-5d26-4a63-95ca-ca5730d30588"],"position":[0,-0.5914535522460938,16.170120239257812],"rotation":[0,0,0],"scale":[20,5,1],"components":{"model":{"enabled":true,"type":"box","asset":null,"materialAsset":null,"castShadows":true,"castShadowsLightmap":true,"receiveShadows":true,"lightmapped":false,"lightmapSizeMultiplier":1,"castShadowsLightMap":true,"lightMapped":false,"lightMapSizeMultiplier":1,"isStatic":false,"layers":[0],"batchGroupId":null},"collision":{"enabled":true,"type":"box","halfExtents":[10,2.5,0.5],"radius":0.5,"axis":1,"height":2,"asset":null,"renderAsset":null,"linearOffset":[0,0,0],"angularOffset":[0,0,0]},"rigidbody":{"enabled":true,"type":"static","mass":1,"linearDamping":0,"angularDamping":0,"linearFactor":[1,1,1],"angularFactor":[1,1,1],"friction":0.5,"restitution":0.5}}},"dd049a36-5d26-4a63-95ca-ca5730d30588":{"name":"wall","tags":[],"enabled":true,"resource_id":"dd049a36-5d26-4a63-95ca-ca5730d30588","parent":"3fb15af7-1a00-483e-bbcd-e0b057d33663","children":[],"position":[0,16,0],"rotation":[0,0,0],"scale":[1,1,1],"components":{"model":{"enabled":true,"type":"box","asset":null,"materialAsset":157032423,"castShadows":false,"castShadowsLightmap":false,"receiveShadows":false,"lightmapped":false,"lightmapSizeMultiplier":1,"castShadowsLightMap":true,"lightMapped":false,"lightMapSizeMultiplier":1,"isStatic":false,"layers":[0],"batchGroupId":null}}},"d587b275-fe98-4d2c-8bff-8459ed52001f":{"name":"wall","tags":[],"enabled":true,"resource_id":"d587b275-fe98-4d2c-8bff-8459ed52001f","parent":"dc5fe55a-2d54-49d7-9742-3f401cde9b04","children":["235e2b92-9f5e-4dac-ba56-a26fbc3848aa"],"position":[22.21670913696289,-0.5914535522460938,-0.7567005157470703],"rotation":[0,-56.82475280761719,0],"scale":[20,5,1],"components":{"model":{"enabled":true,"type":"box","asset":null,"materialAsset":null,"castShadows":true,"castShadowsLightmap":true,"receiveShadows":true,"lightmapped":false,"lightmapSizeMultiplier":1,"castShadowsLightMap":true,"lightMapped":false,"lightMapSizeMultiplier":1,"isStatic":false,"layers":[0],"batchGroupId":null},"collision":{"enabled":true,"type":"box","halfExtents":[10,2.5,0.5],"radius":0.5,"axis":1,"height":2,"asset":null,"renderAsset":null,"linearOffset":[0,0,0],"angularOffset":[0,0,0]},"rigidbody":{"enabled":true,"type":"static","mass":1,"linearDamping":0,"angularDamping":0,"linearFactor":[1,1,1],"angularFactor":[1,1,1],"friction":0.5,"restitution":0.5}}},"235e2b92-9f5e-4dac-ba56-a26fbc3848aa":{"name":"wall","tags":[],"enabled":true,"resource_id":"235e2b92-9f5e-4dac-ba56-a26fbc3848aa","parent":"d587b275-fe98-4d2c-8bff-8459ed52001f","children":[],"position":[0,16,0],"rotation":[0,0,0],"scale":[1,1,1],"components":{"model":{"enabled":true,"type":"box","asset":null,"materialAsset":157032423,"castShadows":false,"castShadowsLightmap":false,"receiveShadows":false,"lightmapped":false,"lightmapSizeMultiplier":1,"castShadowsLightMap":true,"lightMapped":false,"lightMapSizeMultiplier":1,"isStatic":false,"layers":[0],"batchGroupId":null}}},"374a98c4-76ea-42c1-88d1-d5d1958282fb":{"name":"Boxobj","tags":[],"enabled":false,"resource_id":"374a98c4-76ea-42c1-88d1-d5d1958282fb","parent":"dc5fe55a-2d54-49d7-9742-3f401cde9b04","children":[],"position":[0,2.9584293365478516,6.393205642700195],"rotation":[0,0,0],"scale":[3,3,3],"components":{"model":{"enabled":true,"type":"box","asset":null,"materialAsset":null,"castShadows":true,"castShadowsLightmap":true,"receiveShadows":true,"lightmapped":false,"lightmapSizeMultiplier":1,"castShadowsLightMap":true,"lightMapped":false,"lightMapSizeMultiplier":1,"isStatic":false,"layers":[0],"batchGroupId":null},"collision":{"enabled":true,"type":"box","halfExtents":[1.5,1.5,1.5],"radius":0.5,"axis":1,"height":2,"asset":null,"renderAsset":null,"linearOffset":[0,0,0],"angularOffset":[0,0,0]},"rigidbody":{"enabled":true,"type":"dynamic","mass":20,"linearDamping":0,"angularDamping":0,"linearFactor":[1,1,1],"angularFactor":[1,1,1],"friction":0.5,"restitution":0.5},"script":{"enabled":true,"order":["box"],"scripts":{"box":{"enabled":true,"attributes":{}}}}}},"ce4eb16d-7692-497e-aade-83bf548cbd1c":{"name":"Plane","tags":[],"enabled":true,"resource_id":"ce4eb16d-7692-497e-aade-83bf548cbd1c","parent":"dc5fe55a-2d54-49d7-9742-3f401cde9b04","children":[],"position":[0,58.53742218017578,0],"rotation":[0,0,0],"scale":[100,1,100],"components":{"model":{"enabled":true,"type":"sphere","asset":null,"materialAsset":157032422,"castShadows":false,"castShadowsLightmap":false,"receiveShadows":false,"lightmapped":false,"lightmapSizeMultiplier":1,"castShadowsLightMap":true,"lightMapped":false,"lightMapSizeMultiplier":1,"isStatic":false,"layers":[0],"batchGroupId":null}}},"c1b7df40-584f-4ee7-9dbb-17f4a9a7c6c1":{"name":"tankentity","tags":[],"enabled":false,"resource_id":"c1b7df40-584f-4ee7-9dbb-17f4a9a7c6c1","parent":"a7edd40a-822d-11ee-b6ab-baf4d5e490e2","children":["e98d9cb1-8594-4f4e-97b9-6e2039c2f3fa","a40e0f90-106a-40d8-ba4c-47fb6c1ad4b7","017d0437-4c42-44db-ab34-114c2e5ee52f","93c50f53-051f-4931-8ba3-bdc873cfc444"],"position":[0,0.5,0],"rotation":[0,0,0],"scale":[1,1,1],"components":{"collision":{"enabled":true,"type":"sphere","halfExtents":[0.5,0.5,0.5],"radius":0.5,"axis":1,"height":2,"asset":null,"renderAsset":null,"linearOffset":[0,0,0],"angularOffset":[0,0,0]},"rigidbody":{"enabled":true,"type":"dynamic","mass":100,"linearDamping":0.8,"angularDamping":0.9,"linearFactor":[1,1,1],"angularFactor":[0,1,0],"friction":0.124,"restitution":0.139},"script":{"enabled":true,"order":["tankControl","shot"],"scripts":{"tankControl":{"enabled":true,"attributes":{"acceleration":123.79}},"shot":{"enabled":true,"attributes":{"bulletTemplate":"a84f526c-8580-4e31-afd4-99da16364047"}}}}}},"e98d9cb1-8594-4f4e-97b9-6e2039c2f3fa":{"name":"Tank_base","tags":["tanks"],"enabled":true,"resource_id":"e98d9cb1-8594-4f4e-97b9-6e2039c2f3fa","parent":"c1b7df40-584f-4ee7-9dbb-17f4a9a7c6c1","children":["b6b79279-d547-468c-baef-872d76de6127"],"position":[0,-0.5,0],"rotation":[0,0,0],"scale":[1,1,1],"components":{"model":{"enabled":true,"type":"asset","asset":157032413,"materialAsset":null,"castShadows":true,"castShadowsLightmap":true,"receiveShadows":true,"lightmapped":false,"lightmapSizeMultiplier":1,"castShadowsLightMap":true,"lightMapped":false,"lightMapSizeMultiplier":1,"isStatic":false,"layers":[0],"batchGroupId":null},"script":{"enabled":true,"order":[],"scripts":{}}}},"b6b79279-d547-468c-baef-872d76de6127":{"name":"Tank_gun_turret","tags":[],"enabled":true,"resource_id":"b6b79279-d547-468c-baef-872d76de6127","parent":"e98d9cb1-8594-4f4e-97b9-6e2039c2f3fa","children":[],"position":[0,0.5510303378105164,0],"rotation":[0,0,0],"scale":[1,1,1],"components":{"model":{"enabled":true,"type":"asset","asset":157032397,"materialAsset":null,"castShadows":true,"castShadowsLightmap":true,"receiveShadows":true,"lightmapped":false,"lightmapSizeMultiplier":1,"castShadowsLightMap":true,"lightMapped":false,"lightMapSizeMultiplier":1,"isStatic":false,"layers":[0],"batchGroupId":null}}},"a40e0f90-106a-40d8-ba4c-47fb6c1ad4b7":{"name":"Marker","tags":[],"enabled":true,"resource_id":"a40e0f90-106a-40d8-ba4c-47fb6c1ad4b7","parent":"c1b7df40-584f-4ee7-9dbb-17f4a9a7c6c1","children":[],"position":[0,-0.38,0],"rotation":[0,0,0],"scale":[1.8,1,1.8],"components":{"model":{"enabled":true,"type":"plane","asset":null,"materialAsset":157032425,"castShadows":false,"castShadowsLightmap":false,"receiveShadows":false,"lightmapped":false,"lightmapSizeMultiplier":1,"castShadowsLightMap":true,"lightMapped":false,"lightMapSizeMultiplier":1,"isStatic":false,"layers":[0],"batchGroupId":null}}},"017d0437-4c42-44db-ab34-114c2e5ee52f":{"name":"minimap-allow","tags":[],"enabled":true,"resource_id":"017d0437-4c42-44db-ab34-114c2e5ee52f","parent":"c1b7df40-584f-4ee7-9dbb-17f4a9a7c6c1","children":[],"position":[0,80,0],"rotation":[0,180,0],"scale":[5,1,7.5],"components":{"model":{"enabled":true,"type":"plane","asset":null,"materialAsset":157032419,"castShadows":false,"castShadowsLightmap":false,"receiveShadows":false,"lightmapped":false,"lightmapSizeMultiplier":1,"castShadowsLightMap":true,"lightMapped":false,"lightMapSizeMultiplier":1,"isStatic":false,"layers":[0],"batchGroupId":null}}},"93c50f53-051f-4931-8ba3-bdc873cfc444":{"name":"Camera","tags":[],"enabled":true,"resource_id":"93c50f53-051f-4931-8ba3-bdc873cfc444","parent":"c1b7df40-584f-4ee7-9dbb-17f4a9a7c6c1","children":[],"position":[0.5957142114639282,1.4276002645492554,-1.2700650691986084],"rotation":[149.59999084472656,6.600002288818359,180],"scale":[1,1,1],"components":{"camera":{"enabled":true,"clearColorBuffer":true,"clearColor":[0.9450980392156862,0.40784313725490196,0.40784313725490196,1],"clearDepthBuffer":true,"renderSceneDepthMap":false,"renderSceneColorMap":false,"projection":0,"fov":77.83,"frustumCulling":true,"orthoHeight":4,"nearClip":0.1,"farClip":1000,"priority":0,"rect":[0,0,1,1],"layers":[0,1,2,3,4]}}},"6cf10317-cebb-48d9-8d8f-6c86ea294312":{"name":"enemytank","tags":[],"enabled":false,"resource_id":"6cf10317-cebb-48d9-8d8f-6c86ea294312","parent":"a7edd40a-822d-11ee-b6ab-baf4d5e490e2","children":["3c7631bc-e17e-4c33-ba1f-f12c2530281d","c102c38d-a102-4858-b402-17b04488cf69","d2ba2c81-347f-46ba-ad7c-4b4cedb98c79"],"position":[0,0.5,0],"rotation":[0,0,0],"scale":[1,1,1],"components":{"collision":{"enabled":true,"type":"box","halfExtents":[0.5,0.5,0.5],"radius":0.5,"axis":1,"height":2,"asset":null,"renderAsset":null,"linearOffset":[0,0,0],"angularOffset":[0,0,0]},"rigidbody":{"enabled":true,"type":"kinematic","mass":1,"linearDamping":0,"angularDamping":0,"linearFactor":[1,1,1],"angularFactor":[1,1,1],"friction":0.5,"restitution":0.5}}},"3c7631bc-e17e-4c33-ba1f-f12c2530281d":{"name":"enemy","tags":[],"enabled":true,"resource_id":"3c7631bc-e17e-4c33-ba1f-f12c2530281d","parent":"6cf10317-cebb-48d9-8d8f-6c86ea294312","children":["08ab3457-d0ca-4ee2-8c41-369b6874a560"],"position":[0,-0.5,0],"rotation":[0,0,0],"scale":[1,1,1],"components":{"model":{"enabled":true,"type":"asset","asset":157032413,"materialAsset":null,"castShadows":true,"castShadowsLightmap":true,"receiveShadows":true,"lightmapped":false,"lightmapSizeMultiplier":1,"castShadowsLightMap":true,"lightMapped":false,"lightMapSizeMultiplier":1,"isStatic":false,"layers":[0],"batchGroupId":null}}},"08ab3457-d0ca-4ee2-8c41-369b6874a560":{"name":"Tank_gun_turret","tags":[],"enabled":true,"resource_id":"08ab3457-d0ca-4ee2-8c41-369b6874a560","parent":"3c7631bc-e17e-4c33-ba1f-f12c2530281d","children":[],"position":[0,0.5510303378105164,0],"rotation":[0,0,0],"scale":[1,1,1],"components":{"model":{"enabled":true,"type":"asset","asset":157032397,"materialAsset":null,"castShadows":true,"castShadowsLightmap":true,"receiveShadows":true,"lightmapped":false,"lightmapSizeMultiplier":1,"castShadowsLightMap":true,"lightMapped":false,"lightMapSizeMultiplier":1,"isStatic":false,"layers":[0],"batchGroupId":null}}},"c102c38d-a102-4858-b402-17b04488cf69":{"name":"Marker","tags":[],"enabled":true,"resource_id":"c102c38d-a102-4858-b402-17b04488cf69","parent":"6cf10317-cebb-48d9-8d8f-6c86ea294312","children":[],"position":[0,-0.4,0],"rotation":[0,0,0],"scale":[1.8,1,1.8],"components":{"model":{"enabled":true,"type":"plane","asset":null,"materialAsset":157032425,"castShadows":false,"castShadowsLightmap":false,"receiveShadows":false,"lightmapped":false,"lightmapSizeMultiplier":1,"castShadowsLightMap":true,"lightMapped":false,"lightMapSizeMultiplier":1,"isStatic":false,"layers":[0],"batchGroupId":null}}},"d2ba2c81-347f-46ba-ad7c-4b4cedb98c79":{"name":"minimap-allow","tags":[],"enabled":true,"resource_id":"d2ba2c81-347f-46ba-ad7c-4b4cedb98c79","parent":"6cf10317-cebb-48d9-8d8f-6c86ea294312","children":[],"position":[0,80,0],"rotation":[0,180,0],"scale":[5,1,7.5],"components":{"model":{"enabled":true,"type":"plane","asset":null,"materialAsset":157032421,"castShadows":false,"castShadowsLightmap":false,"receiveShadows":false,"lightmapped":false,"lightmapSizeMultiplier":1,"castShadowsLightMap":true,"lightMapped":false,"lightMapSizeMultiplier":1,"isStatic":false,"layers":[0],"batchGroupId":null}}},"9402e2f0-5056-4d0b-8967-0082dc5830eb":{"name":"bullet","tags":[],"enabled":false,"resource_id":"9402e2f0-5056-4d0b-8967-0082dc5830eb","parent":"a7edd40a-822d-11ee-b6ab-baf4d5e490e2","children":[],"position":[0,0,0],"rotation":[0,0,0],"scale":[0.5,0.5,0.5],"components":{"model":{"enabled":true,"type":"sphere","asset":null,"materialAsset":157032415,"castShadows":true,"castShadowsLightmap":true,"receiveShadows":true,"lightmapped":false,"lightmapSizeMultiplier":1,"castShadowsLightMap":true,"lightMapped":false,"lightMapSizeMultiplier":1,"isStatic":false,"layers":[0],"batchGroupId":null},"script":{"enabled":true,"order":["bullet"],"scripts":{"bullet":{"enabled":true,"attributes":{}}}},"rigidbody":{"enabled":true,"type":"dynamic","mass":1,"linearDamping":0,"angularDamping":0,"linearFactor":[1,0,1],"angularFactor":[1,1,1],"friction":0.5,"restitution":0.5},"collision":{"enabled":true,"type":"sphere","halfExtents":[0,0,0],"radius":0.25,"axis":1,"height":2,"asset":null,"renderAsset":null,"linearOffset":[0,0,0],"angularOffset":[0,0,0]}}},"fa4cd418-bfeb-4b06-9c2e-87799afd5ab9":{"name":"enemybullet","tags":[],"enabled":false,"resource_id":"fa4cd418-bfeb-4b06-9c2e-87799afd5ab9","parent":"a7edd40a-822d-11ee-b6ab-baf4d5e490e2","children":[],"position":[0,0,0],"rotation":[0,0,0],"scale":[0.5,0.5,0.5],"components":{"model":{"enabled":true,"type":"sphere","asset":null,"materialAsset":157032416,"castShadows":true,"castShadowsLightmap":true,"receiveShadows":true,"lightmapped":false,"lightmapSizeMultiplier":1,"castShadowsLightMap":true,"lightMapped":false,"lightMapSizeMultiplier":1,"isStatic":false,"layers":[0],"batchGroupId":null},"script":{"enabled":true,"order":["enemybullet"],"scripts":{"enemybullet":{"enabled":true,"attributes":{}}}},"collision":{"enabled":true,"type":"sphere","halfExtents":[0.5,0.5,0.5],"radius":0.25,"axis":1,"height":2,"asset":null,"renderAsset":null,"linearOffset":[0,0,0],"angularOffset":[0,0,0]},"rigidbody":{"enabled":true,"type":"dynamic","mass":100,"linearDamping":0,"angularDamping":0,"linearFactor":[1,0,1],"angularFactor":[1,1,1],"friction":0.5,"restitution":0.5}}},"06ac5a83-60d2-4784-8385-ed55e6eaf1d0":{"name":"enemys","tags":[],"enabled":true,"resource_id":"06ac5a83-60d2-4784-8385-ed55e6eaf1d0","parent":"a7edd40a-822d-11ee-b6ab-baf4d5e490e2","children":[],"position":[0,0,0],"rotation":[0,0,0],"scale":[1,1,1],"components":{"script":{"enabled":true,"order":["enemytank"],"scripts":{"enemytank":{"enabled":true,"attributes":{"bullettemplate":"fa4cd418-bfeb-4b06-9c2e-87799afd5ab9"}}}}}},"6290e6fd-2e8d-40e0-928f-326384bdb1a2":{"name":"GameManager","tags":[],"enabled":true,"resource_id":"6290e6fd-2e8d-40e0-928f-326384bdb1a2","parent":"a7edd40a-822d-11ee-b6ab-baf4d5e490e2","children":[],"position":[0,0,0],"rotation":[0,0,0],"scale":[1,1,1],"components":{"script":{"enabled":true,"order":["manager","colorMaterialManager"],"scripts":{"manager":{"enabled":true,"attributes":{"maintemplate":"c1b7df40-584f-4ee7-9dbb-17f4a9a7c6c1","enemytemplate":"6cf10317-cebb-48d9-8d8f-6c86ea294312","markertemplate":157032425,"minimaptemplate":157032419}},"colorMaterialManager":{"enabled":true,"attributes":{"color1":[1,0,0],"color2":[0,0,1],"color3":[0,1,0],"color4":[0.8784313725490196,0.0196078431372549,0.9568627450980393],"color5":[0.9254901960784314,0.9254901960784314,0.058823529411764705],"color6":[1,1,1],"color7":[0.26666666666666666,0.7490196078431373,0.7098039215686275],"color8":[0.4392156862745098,0.4392156862745098,0.4392156862745098]}}}}}},"21d3afbd-cd11-498a-b713-e7af9ed8c286":{"name":"PhotonController","tags":[],"enabled":true,"resource_id":"21d3afbd-cd11-498a-b713-e7af9ed8c286","parent":"a7edd40a-822d-11ee-b6ab-baf4d5e490e2","children":[],"position":[0,0,0],"rotation":[0,0,0],"scale":[1,1,1],"components":{"script":{"enabled":true,"order":["app"],"scripts":{"app":{"enabled":true,"attributes":{"appid":"103d8400-5997-4b09-95b9-5c3d602bcfe7","appversion":"1","Region":"asia","ConnectOnStart":true,"Masterserver":""}}}}}},"4d3a0ba6-5e48-4b0a-a9de-dd333145c6ba":{"name":"topcamera","tags":[],"enabled":true,"resource_id":"4d3a0ba6-5e48-4b0a-a9de-dd333145c6ba","parent":"a7edd40a-822d-11ee-b6ab-baf4d5e490e2","children":[],"position":[0,100,-40],"rotation":[-90,180,0],"scale":[1,1,1],"components":{"camera":{"enabled":true,"clearColorBuffer":false,"clearColor":[1,1,1,1],"clearDepthBuffer":true,"renderSceneDepthMap":false,"renderSceneColorMap":false,"projection":1,"fov":38.12,"frustumCulling":true,"orthoHeight":120,"nearClip":0.1,"farClip":50,"priority":1,"rect":[0,0,1,1],"layers":[0,1,2,3,4]}}},"f088e244-0272-41f5-96ff-7830d7d94939":{"name":"UI","tags":[],"enabled":true,"resource_id":"f088e244-0272-41f5-96ff-7830d7d94939","parent":"a7edd40a-822d-11ee-b6ab-baf4d5e490e2","children":[],"position":[0,0,0],"rotation":[0,0,0],"scale":[1,1,1],"components":{"script":{"enabled":true,"order":["istouch"],"scripts":{"istouch":{"enabled":true,"attributes":{"ismobile":true}}}}}},"1d34bd0a-d91c-4e7d-919f-75b620fcf9c3":{"name":"startcamera","tags":[],"enabled":true,"resource_id":"1d34bd0a-d91c-4e7d-919f-75b620fcf9c3","parent":"a7edd40a-822d-11ee-b6ab-baf4d5e490e2","children":["df335528-bd73-499c-b45a-771568fb41e3","6a05cfb8-c9cd-4fa8-94fc-84886f083d2c","63622515-3048-42b8-9dd3-782252eb70aa","de42497d-4924-4642-92b1-6dcdd549afe5","4fa8b18c-f1f7-43b4-b300-5ca82e7d7e59"],"position":[16.056846618652344,9.637735366821289,-17.956737518310547],"rotation":[151.19000244140625,38.79998016357422,180],"scale":[1,1,1],"components":{"camera":{"enabled":true,"clearColorBuffer":true,"clearColor":[0.9450980392156862,0.40784313725490196,0.40784313725490196,1],"clearDepthBuffer":true,"renderSceneDepthMap":false,"renderSceneColorMap":false,"projection":0,"fov":57.34,"frustumCulling":true,"orthoHeight":4,"nearClip":0.1,"farClip":1000,"priority":0,"rect":[0,0,1,1],"layers":[0,1,2,3,4]}}},"df335528-bd73-499c-b45a-771568fb41e3":{"name":"Plane","tags":[],"enabled":false,"resource_id":"df335528-bd73-499c-b45a-771568fb41e3","parent":"1d34bd0a-d91c-4e7d-919f-75b620fcf9c3","children":[],"position":[0,0,-10],"rotation":[90,0,0],"scale":[3.52,1,1.13],"components":{"model":{"enabled":true,"type":"plane","asset":null,"materialAsset":null,"castShadows":false,"castShadowsLightmap":false,"receiveShadows":false,"lightmapped":true,"lightmapSizeMultiplier":1,"castShadowsLightMap":true,"lightMapped":false,"lightMapSizeMultiplier":1,"isStatic":false,"layers":[0],"batchGroupId":null}}},"6a05cfb8-c9cd-4fa8-94fc-84886f083d2c":{"name":"tankentity","tags":[],"enabled":true,"resource_id":"6a05cfb8-c9cd-4fa8-94fc-84886f083d2c","parent":"1d34bd0a-d91c-4e7d-919f-75b620fcf9c3","children":["4d3b644d-a65f-47c4-890b-8bfb9c49f3bb","320c21f6-5df7-4f6f-a72c-bc8525425ebe"],"position":[0.2358599156141281,5.278237342834473,-26.733938217163086],"rotation":[32.13862228393555,1.9374232292175293,4.112569808959961],"scale":[3,3,3],"components":{}},"4d3b644d-a65f-47c4-890b-8bfb9c49f3bb":{"name":"Tank_base","tags":["tanks"],"enabled":true,"resource_id":"4d3b644d-a65f-47c4-890b-8bfb9c49f3bb","parent":"6a05cfb8-c9cd-4fa8-94fc-84886f083d2c","children":["54e08e86-db89-41a6-923d-8e5247b542ab"],"position":[0,-0.5,0],"rotation":[0,0,0],"scale":[1,1,1],"components":{"model":{"enabled":true,"type":"asset","asset":157032413,"materialAsset":null,"castShadows":true,"castShadowsLightmap":true,"receiveShadows":true,"lightmapped":false,"lightmapSizeMultiplier":1,"castShadowsLightMap":true,"lightMapped":false,"lightMapSizeMultiplier":1,"isStatic":false,"layers":[0],"batchGroupId":null},"script":{"enabled":true,"order":[],"scripts":{}}}},"54e08e86-db89-41a6-923d-8e5247b542ab":{"name":"Tank_gun_turret","tags":[],"enabled":true,"resource_id":"54e08e86-db89-41a6-923d-8e5247b542ab","parent":"4d3b644d-a65f-47c4-890b-8bfb9c49f3bb","children":[],"position":[0,0.5510303378105164,0],"rotation":[0,0,0],"scale":[1,1,1],"components":{"model":{"enabled":true,"type":"asset","asset":157032397,"materialAsset":null,"castShadows":true,"castShadowsLightmap":true,"receiveShadows":true,"lightmapped":false,"lightmapSizeMultiplier":1,"castShadowsLightMap":true,"lightMapped":false,"lightMapSizeMultiplier":1,"isStatic":false,"layers":[0],"batchGroupId":null}}},"320c21f6-5df7-4f6f-a72c-bc8525425ebe":{"name":"Marker","tags":[],"enabled":true,"resource_id":"320c21f6-5df7-4f6f-a72c-bc8525425ebe","parent":"6a05cfb8-c9cd-4fa8-94fc-84886f083d2c","children":[],"position":[0,-0.38,0],"rotation":[0,0,0],"scale":[1.8,1,1.8],"components":{"model":{"enabled":true,"type":"plane","asset":null,"materialAsset":157032427,"castShadows":false,"castShadowsLightmap":false,"receiveShadows":false,"lightmapped":false,"lightmapSizeMultiplier":1,"castShadowsLightMap":true,"lightMapped":false,"lightMapSizeMultiplier":1,"isStatic":false,"layers":[0],"batchGroupId":null}}},"63622515-3048-42b8-9dd3-782252eb70aa":{"name":"tankentity","tags":[],"enabled":true,"resource_id":"63622515-3048-42b8-9dd3-782252eb70aa","parent":"1d34bd0a-d91c-4e7d-919f-75b620fcf9c3","children":["efcc3fbb-7e0b-443b-9a5a-d5e25a821e6c","f2698107-d3b2-4fc8-8ed8-942941ff437c"],"position":[-12.559371948242188,0.42349448800086975,-17.84014320373535],"rotation":[138.72288513183594,35.65986251831055,150.15086364746094],"scale":[3,3,3],"components":{}},"efcc3fbb-7e0b-443b-9a5a-d5e25a821e6c":{"name":"Tank_base","tags":["tanks"],"enabled":true,"resource_id":"efcc3fbb-7e0b-443b-9a5a-d5e25a821e6c","parent":"63622515-3048-42b8-9dd3-782252eb70aa","children":["bb189e91-c507-403a-870a-4ab2ea30edb6"],"position":[0,-0.5,0],"rotation":[0,0,0],"scale":[1,1,1],"components":{"model":{"enabled":true,"type":"asset","asset":157032413,"materialAsset":null,"castShadows":true,"castShadowsLightmap":true,"receiveShadows":true,"lightmapped":false,"lightmapSizeMultiplier":1,"castShadowsLightMap":true,"lightMapped":false,"lightMapSizeMultiplier":1,"isStatic":false,"layers":[0],"batchGroupId":null},"script":{"enabled":true,"order":[],"scripts":{}}}},"bb189e91-c507-403a-870a-4ab2ea30edb6":{"name":"Tank_gun_turret","tags":[],"enabled":true,"resource_id":"bb189e91-c507-403a-870a-4ab2ea30edb6","parent":"efcc3fbb-7e0b-443b-9a5a-d5e25a821e6c","children":[],"position":[0,0.5510303378105164,0],"rotation":[0,0,0],"scale":[1,1,1],"components":{"model":{"enabled":true,"type":"asset","asset":157032397,"materialAsset":null,"castShadows":true,"castShadowsLightmap":true,"receiveShadows":true,"lightmapped":false,"lightmapSizeMultiplier":1,"castShadowsLightMap":true,"lightMapped":false,"lightMapSizeMultiplier":1,"isStatic":false,"layers":[0],"batchGroupId":null}}},"f2698107-d3b2-4fc8-8ed8-942941ff437c":{"name":"Marker","tags":[],"enabled":true,"resource_id":"f2698107-d3b2-4fc8-8ed8-942941ff437c","parent":"63622515-3048-42b8-9dd3-782252eb70aa","children":[],"position":[0,-0.38,0],"rotation":[0,0,0],"scale":[1.8,1,1.8],"components":{"model":{"enabled":true,"type":"plane","asset":null,"materialAsset":157032428,"castShadows":false,"castShadowsLightmap":false,"receiveShadows":false,"lightmapped":false,"lightmapSizeMultiplier":1,"castShadowsLightMap":true,"lightMapped":false,"lightMapSizeMultiplier":1,"isStatic":false,"layers":[0],"batchGroupId":null}}},"de42497d-4924-4642-92b1-6dcdd549afe5":{"name":"tankentity","tags":[],"enabled":true,"resource_id":"de42497d-4924-4642-92b1-6dcdd549afe5","parent":"1d34bd0a-d91c-4e7d-919f-75b620fcf9c3","children":["a5aabd8c-c463-424f-ae85-1267af9a6bf5","13de1a4a-e876-449b-bb52-55f0fb33f397"],"position":[-0.8778517842292786,-2.9418182373046875,-11.644002914428711],"rotation":[149.51988220214844,-9.899373054504395,-176.91790771484375],"scale":[3,3,3],"components":{}},"a5aabd8c-c463-424f-ae85-1267af9a6bf5":{"name":"Tank_base","tags":["tanks"],"enabled":true,"resource_id":"a5aabd8c-c463-424f-ae85-1267af9a6bf5","parent":"de42497d-4924-4642-92b1-6dcdd549afe5","children":["aab865d0-7589-413e-8f09-f5eac3cd50ba"],"position":[0,-0.5,0],"rotation":[0,0,0],"scale":[1,1,1],"components":{"model":{"enabled":true,"type":"asset","asset":157032413,"materialAsset":null,"castShadows":true,"castShadowsLightmap":true,"receiveShadows":true,"lightmapped":false,"lightmapSizeMultiplier":1,"castShadowsLightMap":true,"lightMapped":false,"lightMapSizeMultiplier":1,"isStatic":false,"layers":[0],"batchGroupId":null},"script":{"enabled":true,"order":[],"scripts":{}}}},"aab865d0-7589-413e-8f09-f5eac3cd50ba":{"name":"Tank_gun_turret","tags":[],"enabled":true,"resource_id":"aab865d0-7589-413e-8f09-f5eac3cd50ba","parent":"a5aabd8c-c463-424f-ae85-1267af9a6bf5","children":[],"position":[0,0.5510303378105164,0],"rotation":[0,0,0],"scale":[1,1,1],"components":{"model":{"enabled":true,"type":"asset","asset":157032397,"materialAsset":null,"castShadows":true,"castShadowsLightmap":true,"receiveShadows":true,"lightmapped":false,"lightmapSizeMultiplier":1,"castShadowsLightMap":true,"lightMapped":false,"lightMapSizeMultiplier":1,"isStatic":false,"layers":[0],"batchGroupId":null}}},"13de1a4a-e876-449b-bb52-55f0fb33f397":{"name":"Marker","tags":[],"enabled":true,"resource_id":"13de1a4a-e876-449b-bb52-55f0fb33f397","parent":"de42497d-4924-4642-92b1-6dcdd549afe5","children":[],"position":[0,-0.38,0],"rotation":[0,0,0],"scale":[1.8,1,1.8],"components":{"model":{"enabled":true,"type":"plane","asset":null,"materialAsset":157032429,"castShadows":false,"castShadowsLightmap":false,"receiveShadows":false,"lightmapped":false,"lightmapSizeMultiplier":1,"castShadowsLightMap":true,"lightMapped":false,"lightMapSizeMultiplier":1,"isStatic":false,"layers":[0],"batchGroupId":null}}},"4fa8b18c-f1f7-43b4-b300-5ca82e7d7e59":{"name":"tankentity","tags":[],"enabled":true,"resource_id":"4fa8b18c-f1f7-43b4-b300-5ca82e7d7e59","parent":"1d34bd0a-d91c-4e7d-919f-75b620fcf9c3","children":["350d52ed-a8a4-4f7a-a9c7-a01712abe47d","6899e7a6-ab70-48b2-a83c-d9346b046332"],"position":[24.20711326599121,4.995975017547607,-25.79503631591797],"rotation":[149.35720825195312,2.677124500274658,175.43572998046875],"scale":[3,3,3],"components":{}},"350d52ed-a8a4-4f7a-a9c7-a01712abe47d":{"name":"Tank_base","tags":["tanks"],"enabled":true,"resource_id":"350d52ed-a8a4-4f7a-a9c7-a01712abe47d","parent":"4fa8b18c-f1f7-43b4-b300-5ca82e7d7e59","children":["e883bd90-37ad-43c7-a5c9-d387533fe02b"],"position":[0,-0.5,0],"rotation":[0,0,0],"scale":[1,1,1],"components":{"model":{"enabled":true,"type":"asset","asset":157032413,"materialAsset":null,"castShadows":true,"castShadowsLightmap":true,"receiveShadows":true,"lightmapped":false,"lightmapSizeMultiplier":1,"castShadowsLightMap":true,"lightMapped":false,"lightMapSizeMultiplier":1,"isStatic":false,"layers":[0],"batchGroupId":null},"script":{"enabled":true,"order":[],"scripts":{}}}},"e883bd90-37ad-43c7-a5c9-d387533fe02b":{"name":"Tank_gun_turret","tags":[],"enabled":true,"resource_id":"e883bd90-37ad-43c7-a5c9-d387533fe02b","parent":"350d52ed-a8a4-4f7a-a9c7-a01712abe47d","children":[],"position":[0,0.5510303378105164,0],"rotation":[0,0,0],"scale":[1,1,1],"components":{"model":{"enabled":true,"type":"asset","asset":157032397,"materialAsset":null,"castShadows":true,"castShadowsLightmap":true,"receiveShadows":true,"lightmapped":false,"lightmapSizeMultiplier":1,"castShadowsLightMap":true,"lightMapped":false,"lightMapSizeMultiplier":1,"isStatic":false,"layers":[0],"batchGroupId":null}}},"6899e7a6-ab70-48b2-a83c-d9346b046332":{"name":"Marker","tags":[],"enabled":true,"resource_id":"6899e7a6-ab70-48b2-a83c-d9346b046332","parent":"4fa8b18c-f1f7-43b4-b300-5ca82e7d7e59","children":[],"position":[0,-0.38,0],"rotation":[0,0,0],"scale":[1.8,1,1.8],"components":{"model":{"enabled":true,"type":"plane","asset":null,"materialAsset":157032430,"castShadows":false,"castShadowsLightmap":false,"receiveShadows":false,"lightmapped":false,"lightmapSizeMultiplier":1,"castShadowsLightMap":true,"lightMapped":false,"lightMapSizeMultiplier":1,"isStatic":false,"layers":[0],"batchGroupId":null}}}},"checkpoint_id":"a70fb780-0aed-4b45-a284-0caec53e385d","id":1898802}